trial,within,selectivity,active,silent_ratio,entropy_mean,entropy_max,enthalpy_mean,conductance_mean,conductance_max,open_syn,plastic_syn,axons_grown,axons_pruned
500,0.6632,0.3681,15,0.6250,66.29,360,9.96,0.00,0,2800,377,377,389
1000,0.5892,0.4094,15,0.6250,66.24,364,9.96,0.01,5,2800,377,377,389
1500,0.6905,0.4255,15,0.6250,66.28,358,9.95,0.00,0,2800,377,377,389
2000,0.8405,0.4420,15,0.6250,66.21,363,9.96,0.00,0,2800,377,377,389
2500,0.6408,0.3906,15,0.6250,66.29,356,9.96,0.00,0,2800,377,377,389
3000,0.6100,0.4397,15,0.6250,66.15,361,9.97,0.00,0,2800,377,377,389
3500,0.8245,0.6189,15,0.6250,66.21,355,9.97,0.00,0,2800,379,379,392
4000,0.5969,0.3077,15,0.6250,66.27,359,9.96,0.00,0,2800,379,379,392
4500,0.6459,0.3722,15,0.6250,66.36,363,9.95,0.01,5,2800,379,379,392
5000,0.6955,0.5020,15,0.6250,66.16,356,9.96,0.00,0,2800,379,379,392
5500,0.6449,0.3013,15,0.6250,66.35,360,9.95,0.00,0,2800,379,379,392
6000,0.7520,0.5752,15,0.6250,66.09,364,9.96,0.00,0,2800,379,379,392
6500,0.7582,0.4364,15,0.6250,66.25,358,9.96,0.00,0,2800,379,379,392
7000,0.6750,0.3657,15,0.6250,66.25,362,9.96,0.00,0,2800,379,379,392
7500,0.8188,0.4993,15,0.6250,66.18,356,9.96,0.00,0,2800,379,379,392
8000,0.5337,0.3146,15,0.6250,66.21,360,9.96,0.00,0,2800,379,379,392
8500,0.7850,0.3716,15,0.6250,66.19,364,9.97,0.00,0,2800,379,379,392
9000,0.6428,0.3048,15,0.6250,66.15,358,9.96,0.00,0,2800,379,379,392
9500,0.6496,0.4110,15,0.6250,66.37,361,9.97,0.00,0,2800,379,379,392
10000,0.6576,0.3613,15,0.6250,66.25,355,9.95,0.00,0,2800,379,379,392
10500,0.7558,0.2652,15,0.6250,66.33,359,9.98,0.00,0,2800,379,379,392
11000,0.6799,0.4419,15,0.6250,66.22,363,9.97,0.00,0,2800,379,379,392
11500,0.5791,0.3688,15,0.6250,66.38,357,9.94,0.00,0,2800,379,379,392
12000,0.5757,0.3242,15,0.6250,66.21,361,9.97,0.01,5,2800,379,379,392
12500,0.6973,0.5040,15,0.6250,66.18,355,9.98,0.00,0,2800,379,379,392
13000,0.5840,0.4086,15,0.6250,66.17,359,9.95,0.00,0,2800,379,379,392
13500,0.7133,0.5812,15,0.6250,66.38,363,9.95,0.00,0,2800,379,379,392
14000,0.6166,0.3384,15,0.6250,66.33,357,9.95,0.01,5,2800,379,379,392
14500,0.6615,0.4271,15,0.6250,66.30,361,9.97,0.01,5,2800,379,379,392
15000,0.7766,0.6291,15,0.6250,66.15,355,9.96,0.00,0,2800,379,379,392
15500,0.6916,0.5316,15,0.6250,66.32,359,9.96,0.00,0,2800,379,379,392
16000,0.7095,0.4107,15,0.6250,66.27,363,9.96,0.00,0,2800,379,379,392
16500,0.7228,0.4686,15,0.6250,66.28,357,9.96,0.00,0,2800,379,379,392
17000,0.6303,0.3861,15,0.6250,66.20,361,9.97,0.00,0,2800,379,379,392
17500,0.7182,0.3410,15,0.6250,66.30,364,9.97,0.00,0,2800,379,379,392
18000,0.6714,0.4002,15,0.6250,66.20,359,9.96,0.01,5,2800,379,379,392
18500,0.6717,0.4454,15,0.6250,66.25,363,9.97,0.00,0,2800,379,379,392
19000,0.6078,0.3902,15,0.6250,66.20,357,9.96,0.00,0,2800,379,379,392
19500,0.7501,0.4215,15,0.6250,66.33,360,9.95,0.01,5,2800,379,379,392
20000,0.5773,0.2493,15,0.6250,66.19,364,9.98,0.00,0,2800,379,379,392
20500,0.7875,0.4686,15,0.6250,66.17,358,9.96,0.00,0,2800,379,379,392
21000,0.7108,0.3251,15,0.6250,66.28,362,9.96,0.00,0,2800,379,379,392
21500,0.9141,0.4366,15,0.6250,66.32,357,9.97,0.00,0,2800,379,379,392
22000,0.5714,0.2935,15,0.6250,66.31,360,9.96,0.01,5,2800,379,379,392
22500,0.6442,0.2216,15,0.6250,66.32,364,9.96,0.00,0,2800,379,379,392
23000,0.6594,0.5260,15,0.6250,66.31,359,9.96,0.00,0,2800,379,379,392
23500,0.6630,0.4670,15,0.6250,66.30,363,9.96,0.00,0,2800,379,379,392
24000,0.6181,0.3649,15,0.6250,66.17,357,9.97,0.01,5,2800,379,379,392
24500,0.7326,0.4010,15,0.6250,66.27,360,9.96,0.00,0,2800,379,379,392
25000,0.6369,0.3684,15,0.6250,66.19,364,9.96,0.01,5,2800,379,379,392
25500,0.8101,0.4765,15,0.6250,66.28,358,9.97,0.00,0,2800,379,379,392
26000,0.5823,0.2431,15,0.6250,66.22,362,9.97,0.00,0,2800,379,379,392
26500,0.5927,0.2005,15,0.6250,66.20,356,9.96,0.01,5,2800,379,379,392
27000,0.5954,0.3502,15,0.6250,66.21,359,9.98,0.00,0,2800,379,379,392
27500,0.8167,0.5417,15,0.6250,66.30,363,9.96,0.00,0,2800,379,379,392
28000,0.7280,0.4357,15,0.6250,66.25,358,9.96,0.00,0,2800,379,379,392
28500,0.7174,0.4162,15,0.6250,66.33,361,9.96,0.00,0,2800,379,379,392
29000,0.6160,0.4392,15,0.6250,66.31,355,9.96,0.00,0,2800,379,379,392
29500,0.7321,0.4624,15,0.6250,66.28,360,9.98,0.00,0,2800,379,379,392
30000,0.7809,0.5003,15,0.6250,66.22,364,9.96,0.00,0,2800,379,379,392
30500,0.6296,0.3295,15,0.6250,66.17,358,9.97,0.00,0,2800,379,379,392
31000,0.6682,0.4653,15,0.6250,66.33,362,9.97,0.00,0,2800,379,379,392
31500,0.7055,0.4000,15,0.6250,66.19,355,9.96,0.00,0,2800,379,379,392
32000,0.7025,0.4676,15,0.6250,66.19,359,9.97,0.00,0,2800,379,379,392
32500,0.5814,0.3351,15,0.6250,66.33,363,9.95,0.00,0,2800,379,379,392
33000,0.6034,0.3581,15,0.6250,66.22,357,9.97,0.00,0,2800,379,379,392
33500,0.7453,0.3664,15,0.6250,66.29,362,9.96,0.01,5,2800,379,379,392
34000,0.6622,0.3526,15,0.6250,66.36,356,9.95,0.01,5,2800,379,379,392
34500,0.6204,0.3072,15,0.6250,66.14,360,9.97,0.00,0,2800,379,379,392
35000,0.7819,0.5975,15,0.6250,66.38,364,9.96,0.01,5,2800,379,379,392
35500,0.7186,0.4888,15,0.6250,66.22,357,9.97,0.00,0,2800,379,379,392
36000,0.7629,0.6098,15,0.6250,66.25,361,9.96,0.01,5,2800,379,379,392
36500,0.5433,0.3216,15,0.6250,66.31,355,9.96,0.00,0,2800,379,379,392
37000,0.6738,0.4391,15,0.6250,66.17,359,9.98,0.00,0,2800,379,379,392
37500,0.7176,0.3839,15,0.6250,66.24,363,9.95,0.01,5,2800,379,379,392
38000,0.8580,0.5503,15,0.6250,66.34,357,9.95,0.03,5,2800,379,379,392
38500,0.6357,0.2843,15,0.6250,66.30,361,9.97,0.00,0,2800,379,379,392
39000,0.6427,0.3747,15,0.6250,66.16,356,9.97,0.00,0,2800,379,379,392
39500,0.7717,0.4387,15,0.6250,66.21,360,9.97,0.00,0,2800,379,379,392
40000,0.7038,0.4338,15,0.6250,66.34,364,9.95,0.00,0,2800,379,379,392
40500,0.6305,0.3947,15,0.6250,66.24,357,9.97,0.00,0,2800,379,379,392
41000,0.6533,0.4877,15,0.6250,66.28,361,9.96,0.00,0,2800,379,379,392
41500,0.5953,0.3402,15,0.6250,66.23,355,9.97,0.00,0,2800,379,379,392
42000,0.7313,0.4987,15,0.6250,66.32,359,9.96,0.00,0,2800,379,379,392
42500,0.6478,0.3347,15,0.6250,66.28,363,9.96,0.00,0,2800,379,379,392
43000,0.6439,0.3652,15,0.6250,66.19,357,9.96,0.00,0,2800,379,379,392
43500,0.6317,0.3188,15,0.6250,66.30,361,9.96,0.00,0,2800,379,379,392
44000,0.6067,0.3687,15,0.6250,66.35,355,9.96,0.00,0,2800,379,379,392
44500,0.6307,0.3136,15,0.6250,66.22,359,9.96,0.00,0,2800,379,379,392
45000,0.7210,0.4524,15,0.6250,66.30,363,9.96,0.00,0,2800,379,379,392
45500,0.6623,0.3883,15,0.6250,66.34,357,9.95,0.00,0,2800,379,379,392
46000,0.7848,0.5788,15,0.6250,66.32,361,9.96,0.00,0,2800,379,379,392
46500,0.6953,0.4679,15,0.6250,66.17,355,9.97,0.01,5,2800,379,379,392
47000,0.6969,0.3876,15,0.6250,66.24,359,9.97,0.00,0,2800,379,379,392
47500,0.6319,0.4532,15,0.6250,66.23,363,9.96,0.00,0,2800,379,379,392
48000,0.7473,0.4965,15,0.6250,66.30,357,9.95,0.01,5,2800,379,379,392
48500,0.6072,0.3248,15,0.6250,66.31,361,9.96,0.00,0,2800,379,379,392
49000,0.7769,0.6569,15,0.6250,66.32,364,9.97,0.01,5,2800,379,379,392
49500,0.6005,0.3923,15,0.6250,66.16,358,9.96,0.00,0,2800,379,379,392
50000,0.7427,0.4811,15,0.6250,66.25,362,9.96,0.00,0,2800,379,379,392
50500,0.6048,0.3976,15,0.6250,66.25,356,9.96,0.00,0,2800,379,379,392
51000,0.5800,0.4019,15,0.6250,66.36,360,9.96,0.00,0,2800,379,379,392
51500,0.6818,0.4750,15,0.6250,66.27,363,9.95,0.00,0,2800,379,379,392
52000,0.6488,0.4459,15,0.6250,66.25,357,9.96,0.01,5,2800,379,379,392
52500,0.6701,0.3718,15,0.6250,66.16,361,9.97,0.00,0,2800,379,379,392
53000,0.5988,0.4201,15,0.6250,66.29,355,9.95,0.01,5,2800,379,379,392
53500,0.5890,0.4146,15,0.6250,66.24,359,9.97,0.00,0,2800,379,379,392
54000,0.7832,0.5669,15,0.6250,66.30,363,9.96,0.00,0,2800,379,379,392
54500,0.7320,0.3948,15,0.6250,66.32,357,9.96,0.00,0,2800,379,379,392
55000,0.5298,0.3139,15,0.6250,66.16,361,9.98,0.00,0,2800,379,379,392
55500,0.5852,0.4094,15,0.6250,66.15,355,9.98,0.00,0,2800,379,379,392
56000,0.6773,0.5190,15,0.6250,66.31,359,9.96,0.01,5,2800,379,379,392
56500,0.6846,0.3355,15,0.6250,66.28,363,9.96,0.00,0,2800,379,379,392
57000,0.5562,0.3336,15,0.6250,66.31,357,9.96,0.01,5,2800,379,379,392
57500,0.6564,0.4910,15,0.6250,66.18,361,9.97,0.00,0,2800,379,379,392
58000,0.6839,0.3132,15,0.6250,66.25,355,9.97,0.00,0,2800,379,379,392
58500,0.8274,0.5875,15,0.6250,66.16,359,9.97,0.00,0,2800,379,379,392
59000,0.6482,0.4165,15,0.6250,66.15,363,9.97,0.00,0,2800,379,379,392
59500,0.6905,0.4978,15,0.6250,66.36,357,9.96,0.01,5,2800,379,379,392
60000,0.6131,0.3113,15,0.6250,66.14,361,9.97,0.00,0,2800,379,379,392
60500,0.7369,0.3188,15,0.6250,66.11,355,9.97,0.00,0,2800,379,379,392
61000,0.6717,0.4447,15,0.6250,66.39,359,9.96,0.00,0,2800,379,379,392
61500,0.6555,0.5225,15,0.6250,66.20,364,9.96,0.00,0,2800,379,379,392
62000,0.6937,0.4048,15,0.6250,66.09,358,9.97,0.00,0,2800,379,379,392
62500,0.6304,0.4026,15,0.6250,66.12,362,9.96,0.00,0,2800,379,379,392
63000,0.6831,0.3784,15,0.6250,66.28,356,9.96,0.00,0,2800,379,379,392
63500,0.7537,0.5291,15,0.6250,66.14,360,9.98,0.01,5,2800,379,379,392
64000,0.5606,0.3058,15,0.6250,66.19,363,9.96,0.00,0,2800,379,379,392
64500,0.7086,0.5109,15,0.6250,66.22,358,9.96,0.00,0,2800,379,379,392
65000,0.6180,0.2702,15,0.6250,66.17,362,9.98,0.00,0,2800,379,379,392
65500,0.6862,0.4955,15,0.6250,66.10,356,9.97,0.00,0,2800,379,379,392
66000,0.7638,0.4371,15,0.6250,66.33,360,9.95,0.01,5,2800,379,379,392
66500,0.5926,0.3165,15,0.6250,66.34,363,9.96,0.00,0,2800,379,379,392
67000,0.6673,0.4330,15,0.6250,66.11,358,9.97,0.00,0,2800,379,379,392
67500,0.6144,0.4409,15,0.6250,66.35,361,9.95,0.03,5,2800,379,379,392
68000,0.6718,0.4761,15,0.6250,66.17,356,9.97,0.00,0,2800,379,379,392
68500,0.5883,0.2940,15,0.6250,66.27,359,9.95,0.00,0,2800,379,379,392
69000,0.6893,0.3437,15,0.6250,66.25,363,9.96,0.01,5,2800,379,379,392
69500,0.6935,0.3130,15,0.6250,66.21,357,9.96,0.00,0,2800,379,379,392
70000,0.6442,0.4163,15,0.6250,66.28,361,9.96,0.00,0,2800,379,379,392
70500,0.7255,0.6047,15,0.6250,66.22,355,9.96,0.03,5,2800,379,379,392
71000,0.7619,0.4798,15,0.6250,66.27,359,9.96,0.00,0,2800,379,379,392
71500,0.7990,0.4450,15,0.6250,66.17,363,9.96,0.00,0,2800,379,379,392
72000,0.6434,0.2933,15,0.6250,66.22,357,9.98,0.00,0,2800,379,379,392
72500,0.7891,0.4583,15,0.6250,66.21,361,9.96,0.00,0,2800,379,379,392
73000,0.7836,0.2821,15,0.6250,66.44,355,9.95,0.00,0,2800,379,379,392
73500,0.7285,0.2554,15,0.6250,66.15,359,9.97,0.00,0,2800,379,379,392
74000,0.7547,0.3784,15,0.6250,66.29,364,9.95,0.00,0,2800,379,379,392
74500,0.7319,0.4350,15,0.6250,66.24,357,9.97,0.00,0,2800,379,379,392
75000,0.6831,0.4833,15,0.6250,66.16,361,9.96,0.00,0,2800,379,379,392
75500,0.5358,0.3500,15,0.6250,66.22,356,9.96,0.00,0,2800,379,379,392
76000,0.7632,0.3472,15,0.6250,66.36,360,9.96,0.00,0,2800,379,379,392
76500,0.7384,0.4868,15,0.6250,66.30,364,9.95,0.01,5,2800,379,379,392
77000,0.7111,0.2957,15,0.6250,66.28,358,9.95,0.00,0,2800,379,379,392
77500,0.7031,0.3620,15,0.6250,66.36,362,9.96,0.00,0,2800,379,379,392
78000,0.7987,0.2248,15,0.6250,66.28,356,9.96,0.00,0,2800,379,379,392
78500,0.6262,0.3122,15,0.6250,66.11,360,9.97,0.00,0,2800,379,379,392
79000,0.6926,0.3142,15,0.6250,66.31,364,9.97,0.00,0,2800,379,379,392
79500,0.6592,0.4180,15,0.6250,66.27,358,9.96,0.00,0,2800,379,379,392
80000,0.6567,0.3872,15,0.6250,66.24,362,9.97,0.00,0,2800,379,379,392
80500,0.6799,0.4109,15,0.6250,66.28,356,9.95,0.00,0,2800,379,379,392
81000,0.7787,0.4984,15,0.6250,66.20,360,9.97,0.00,0,2800,379,379,392
81500,0.7171,0.4452,15,0.6250,66.20,364,9.97,0.00,0,2800,379,379,392
82000,0.7989,0.3994,15,0.6250,66.23,358,9.96,0.00,0,2800,379,379,392
82500,0.6199,0.3803,15,0.6250,66.40,362,9.96,0.00,0,2800,379,379,392
83000,0.7260,0.4211,15,0.6250,66.27,356,9.96,0.00,0,2800,379,379,392
83500,0.6202,0.4165,15,0.6250,66.25,360,9.96,0.00,0,2800,379,379,392
84000,0.7254,0.4583,15,0.6250,66.38,364,9.96,0.00,0,2800,379,379,392
84500,0.7208,0.4120,15,0.6250,66.14,357,9.98,0.00,0,2800,379,379,392
85000,0.6984,0.5004,15,0.6250,66.33,361,9.96,0.00,0,2800,379,379,392
85500,0.4977,0.3316,15,0.6250,66.26,356,9.95,0.00,0,2800,379,379,392
86000,0.7209,0.4229,15,0.6250,66.31,360,9.97,0.00,0,2800,379,379,392
86500,0.7295,0.4481,15,0.6250,66.15,364,9.97,0.00,0,2800,379,379,392
87000,0.6098,0.4640,15,0.6250,66.14,358,9.97,0.01,5,2800,379,379,392
87500,0.6395,0.4699,15,0.6250,66.21,362,9.97,0.00,0,2800,379,379,392
88000,0.5031,0.2700,15,0.6250,66.26,355,9.96,0.00,0,2800,379,379,392
88500,0.7500,0.6299,15,0.6250,66.34,359,9.97,0.00,0,2800,379,379,392
89000,0.6162,0.3723,15,0.6250,66.17,363,9.97,0.00,0,2800,379,379,392
89500,0.6923,0.5563,15,0.6250,66.29,358,9.96,0.01,5,2800,379,379,392
90000,0.5252,0.1996,15,0.6250,66.28,362,9.95,0.00,0,2800,379,379,392
90500,0.6027,0.2416,15,0.6250,66.29,355,9.95,0.00,0,2800,379,379,392
91000,0.5602,0.2761,15,0.6250,66.34,359,9.96,0.01,5,2800,379,379,392
91500,0.6700,0.3599,15,0.6250,66.25,364,9.96,0.00,0,2800,379,379,392
92000,0.7333,0.4841,15,0.6250,66.26,358,9.96,0.00,0,2800,379,379,392
92500,0.7012,0.3604,15,0.6250,66.22,362,9.95,0.01,5,2800,379,379,392
93000,0.6976,0.3813,15,0.6250,66.36,356,9.95,0.00,0,2800,379,379,392
93500,0.6128,0.4052,15,0.6250,66.27,359,9.98,0.00,0,2800,379,379,392
94000,0.6374,0.4365,15,0.6250,66.30,363,9.96,0.01,5,2800,379,379,392
94500,0.7602,0.4301,15,0.6250,66.20,357,9.96,0.01,5,2800,379,379,392
95000,0.6166,0.4764,15,0.6250,66.34,361,9.96,0.01,5,2800,379,379,392
95500,0.5405,0.2879,15,0.6250,66.34,355,9.95,0.03,5,2800,379,379,392
96000,0.6432,0.3005,15,0.6250,66.14,359,9.97,0.00,0,2800,379,379,392
96500,0.6021,0.3168,15,0.6250,66.35,363,9.95,0.00,0,2800,379,379,392
97000,0.6737,0.4623,15,0.6250,66.28,357,9.97,0.00,0,2800,379,379,392
97500,0.6728,0.4736,15,0.6250,66.13,361,9.98,0.00,0,2800,379,379,392
98000,0.6072,0.3229,15,0.6250,66.28,355,9.96,0.00,0,2800,379,379,392
98500,0.6716,0.3629,15,0.6250,66.17,359,9.97,0.00,0,2800,379,379,392
99000,0.6317,0.3496,15,0.6250,66.28,363,9.97,0.00,0,2800,379,379,392
99500,0.7509,0.5938,15,0.6250,66.25,357,9.96,0.00,0,2800,379,379,392
100000,0.8107,0.5275,15,0.6250,66.24,360,9.97,0.00,0,2800,379,379,392
